"URL","Source","Submitted"
"https://www.eprod.io/","none","04/08/2026T02:25:00-07:00"
"https://www.eprod.io/sign-pdf","none","04/08/2026T02:25:00-07:00"
"https://www.eprod.io/merge-pdf","none","04/08/2026T02:25:00-07:00"
"https://www.eprod.io/pdf-to-word","none","04/08/2026T02:25:00-07:00"
"https://www.eprod.io/summarize-pdf","none","04/08/2026T02:25:00-07:00"
"https://www.eprod.io/trading-signal","none","04/08/2026T02:25:00-07:00"
"https://www.eprod.io/generate-pdf","none","04/08/2026T02:25:00-07:00"
"https://www.eprod.io/markdown-to-pdf","none","04/08/2026T02:25:00-07:00"
"https://www.eprod.io/html-to-pdf","none","04/08/2026T02:25:00-07:00"
"https://www.eprod.io/pdf-ocr-translate","none","04/08/2026T02:25:00-07:00"
"https://www.eprod.io/pdf-keyword-extractor","none","04/08/2026T02:25:00-07:00"
"https://www.eprod.io/pdf-qa-assistant","none","04/08/2026T02:25:00-07:00"
"https://www.eprod.io/pdf-to-markdown","none","04/08/2026T02:25:00-07:00"
"https://www.eprod.io/pdf-outline-generator","none","04/08/2026T02:25:00-07:00"
"https://www.eprod.io/pdf-action-items","none","04/08/2026T02:25:00-07:00"
"https://www.eprod.io/multi-pdf-compare","none","04/08/2026T02:25:00-07:00"
"https://www.eprod.io/pdf-compliance-checker","none","04/08/2026T02:25:00-07:00"
"https://www.eprod.io/pdf-range-splitter","none","04/08/2026T02:25:00-07:00"
"https://www.eprod.io/pdf-rotate-compress","none","04/08/2026T02:25:00-07:00"
"https://www.eprod.io/image-batch-to-pdf","none","04/08/2026T02:25:00-07:00"
"https://www.eprod.io/markdown-brand-pdf","none","04/08/2026T02:25:00-07:00"
"https://www.eprod.io/html-invoice-to-pdf","none","04/08/2026T02:25:00-07:00"
"https://www.eprod.io/csv-to-json","none","04/08/2026T02:25:00-07:00"
"https://www.eprod.io/csv-cleaner","none","04/08/2026T02:25:00-07:00"
"https://www.eprod.io/csv-column-mapper","none","04/08/2026T02:25:00-07:00"
"https://www.eprod.io/csv-deduplicator","none","04/08/2026T02:25:00-07:00"
"https://www.eprod.io/csv-merge-assistant","none","04/08/2026T02:25:00-07:00"
"https://www.eprod.io/csv-to-markdown-table","none","04/08/2026T02:25:00-07:00"
"https://www.eprod.io/bmi-calculator","none","04/08/2026T02:25:00-07:00"
"https://www.eprod.io/gpa-calculator","none","04/08/2026T02:25:00-07:00"
"https://www.eprod.io/autoloan-calculator","none","04/08/2026T02:25:00-07:00"
"https://www.eprod.io/calorie-calculator","none","04/08/2026T02:25:00-07:00"
"https://www.eprod.io/time-calculator","none","04/08/2026T02:25:00-07:00"
"https://www.eprod.io/age-calculator","none","04/08/2026T02:25:00-07:00"
"https://www.eprod.io/picker-wheel","none","04/08/2026T02:25:00-07:00"
"https://www.eprod.io/win-probability-calculator","none","04/08/2026T02:25:00-07:00"
"https://www.eprod.io/compound-interest-calculator","none","04/08/2026T02:25:00-07:00"
"https://www.eprod.io/loan-payment-calculator","none","04/08/2026T02:25:00-07:00"
"https://www.eprod.io/position-size-calculator","none","04/08/2026T02:25:00-07:00"
"https://www.eprod.io/risk-per-trade-calculator","none","04/08/2026T02:25:00-07:00"
"https://www.eprod.io/r-multiple-tracker","none","04/08/2026T02:25:00-07:00"
"https://www.eprod.io/risk-reward-ratio-calculator","none","04/08/2026T02:25:00-07:00"
"https://www.eprod.io/break-even-win-rate-calculator","none","04/08/2026T02:25:00-07:00"
"https://www.eprod.io/drawdown-recovery-calculator","none","04/08/2026T02:25:00-07:00"
"https://www.eprod.io/max-daily-loss-guardrail-calculator","none","04/08/2026T02:25:00-07:00"
"https://www.eprod.io/kelly-criterion-calculator","none","04/08/2026T02:25:00-07:00"
"https://www.eprod.io/fixed-fractional-sizing-tool","none","04/08/2026T02:25:00-07:00"
"https://www.eprod.io/atr-position-sizing-tool","none","04/08/2026T02:25:00-07:00"
"https://www.eprod.io/volatility-based-stop-loss-calculator","none","04/08/2026T02:25:00-07:00"
"https://www.eprod.io/trailing-stop-planner","none","04/08/2026T02:25:00-07:00"
"https://www.eprod.io/forex-position-size-calculator","none","04/08/2026T02:25:00-07:00"
"https://www.eprod.io/leverage-margin-calculator","none","04/08/2026T02:25:00-07:00"
"https://www.eprod.io/multi-target-take-profit-planner","none","04/08/2026T02:25:00-07:00"
"https://www.eprod.io/partial-exit-optimizer","none","04/08/2026T02:25:00-07:00"
"https://www.eprod.io/breakeven-stop-trigger-planner","none","04/08/2026T02:25:00-07:00"
"https://www.eprod.io/slippage-impact-calculator","none","04/08/2026T02:25:00-07:00"
"https://www.eprod.io/spread-cost-calculator","none","04/08/2026T02:25:00-07:00"
"https://www.eprod.io/commission-impact-calculator","none","04/08/2026T02:25:00-07:00"
"https://www.eprod.io/overnight-swap-funding-calculator","none","04/08/2026T02:25:00-07:00"
"https://www.eprod.io/leverage-safety-calculator","none","04/08/2026T02:25:00-07:00"
"https://www.eprod.io/margin-call-price-calculator","none","04/08/2026T02:25:00-07:00"
"https://www.eprod.io/liquidation-price-calculator","none","04/08/2026T02:25:00-07:00"
"https://www.eprod.io/roi-calculator","none","04/08/2026T02:25:00-07:00"
"https://www.eprod.io/image-to-prompt","none","04/08/2026T02:25:00-07:00"
"https://www.eprod.io/video-to-prompt","none","04/08/2026T02:25:00-07:00"
"https://www.eprod.io/breakeven-calculator","none","04/08/2026T02:25:00-07:00"
"https://www.eprod.io/probability-calculator","none","04/08/2026T02:25:00-07:00"
"https://www.eprod.io/discount-calculator","none","04/08/2026T02:25:00-07:00"
"https://www.eprod.io/json-to-csv","none","04/08/2026T02:25:00-07:00"
"https://www.eprod.io/api-response-formatter","none","04/08/2026T02:25:00-07:00"
"https://www.eprod.io/regex-tester","none","04/08/2026T02:25:00-07:00"
"https://www.eprod.io/cron-generator","none","04/08/2026T02:25:00-07:00"
"https://www.eprod.io/wealth-comparison-calculator","none","04/08/2026T02:25:00-07:00"
"https://www.eprod.io/life-in-weeks","none","04/08/2026T02:25:00-07:00"
"https://www.eprod.io/habit-streak-tracker","none","04/08/2026T02:25:00-07:00"
"https://www.eprod.io/goal-progress-tracker","none","04/08/2026T02:25:00-07:00"
"https://www.eprod.io/salary-after-tax-calculator","none","04/08/2026T02:25:00-07:00"
"https://www.eprod.io/ai-product-description","none","04/08/2026T02:25:00-07:00"
"https://www.eprod.io/ai-resume-bullet","none","04/08/2026T02:25:00-07:00"
"https://www.eprod.io/ai-meeting-notes-summarizer","none","04/08/2026T02:25:00-07:00"
"https://www.eprod.io/hashtag-generator","none","04/08/2026T02:25:00-07:00"
"https://www.eprod.io/youtube-title-generator","none","04/08/2026T02:25:00-07:00"
"https://www.eprod.io/tweet-post-formatter","none","04/08/2026T02:25:00-07:00"
"https://www.eprod.io/jwt-decoder","none","04/08/2026T02:25:00-07:00"
"https://www.eprod.io/startup-valuation-calculator","none","04/08/2026T02:25:00-07:00"
"https://www.eprod.io/ad-roi-calculator","none","04/08/2026T02:25:00-07:00"
"https://www.eprod.io/saas-pricing-simulator","none","04/08/2026T02:25:00-07:00"
"https://www.eprod.io/clv-calculator","none","04/08/2026T02:25:00-07:00"
"https://www.eprod.io/churn-rate-calculator","none","04/08/2026T02:25:00-07:00"
"https://www.eprod.io/b2b-pipeline-roas-calculator","none","04/08/2026T02:25:00-07:00"
"https://www.eprod.io/agency-client-reporting-generator","none","04/08/2026T02:25:00-07:00"
"https://www.eprod.io/weekly-performance-narrative-ai","none","04/08/2026T02:25:00-07:00"
"https://www.eprod.io/account-health-scorecard","none","04/08/2026T02:25:00-07:00"
"https://www.eprod.io/campaign-naming-convention-generator","none","04/08/2026T02:25:00-07:00"
"https://www.eprod.io/ads-sop-generator","none","04/08/2026T02:25:00-07:00"
"https://www.eprod.io/creative-testing-roadmap-planner","none","04/08/2026T02:25:00-07:00"
"https://www.eprod.io/ai-email-subject-line","none","04/08/2026T02:25:00-07:00"
"https://www.eprod.io/ai-cold-outreach","none","04/08/2026T02:25:00-07:00"
"https://www.eprod.io/social-media-bio","none","04/08/2026T02:25:00-07:00"
"https://www.eprod.io/content-idea-generator","none","04/08/2026T02:25:00-07:00"
"https://www.eprod.io/meeting-notes-action-plan","none","04/08/2026T02:25:00-07:00"
"https://www.eprod.io/weekly-review-generator","none","04/08/2026T02:25:00-07:00"
"https://www.eprod.io/goal-breakdown-planner","none","04/08/2026T02:25:00-07:00"
"https://www.eprod.io/habit-reflection-coach","none","04/08/2026T02:25:00-07:00"
"https://www.eprod.io/focus-session-planner","none","04/08/2026T02:25:00-07:00"
"https://www.eprod.io/time-blocking-builder","none","04/08/2026T02:25:00-07:00"
"https://www.eprod.io/decision-matrix-tool","none","04/08/2026T02:25:00-07:00"
"https://www.eprod.io/pros-cons-analyzer","none","04/08/2026T02:25:00-07:00"
"https://www.eprod.io/screenshot-to-pdf-reporter","none","04/08/2026T02:25:00-07:00"
"https://www.eprod.io/smart-qr-batch-generator","none","04/08/2026T02:25:00-07:00"
"https://www.eprod.io/timezone-meeting-planner","none","04/08/2026T02:25:00-07:00"
"https://www.eprod.io/file-size-compressor","none","04/08/2026T02:25:00-07:00"
"https://www.eprod.io/screenshot-annotation","none","04/08/2026T02:25:00-07:00"
"https://www.eprod.io/pdf-to-image","none","04/08/2026T02:25:00-07:00"
"https://www.eprod.io/split-pdf","none","04/08/2026T02:25:00-07:00"
"https://www.eprod.io/rotate-pdf","none","04/08/2026T02:25:00-07:00"
"https://www.eprod.io/pdf-metadata","none","04/08/2026T02:25:00-07:00"
"https://www.eprod.io/pdf-to-text","none","04/08/2026T02:25:00-07:00"
"https://www.eprod.io/pdf-metadata-inspector","none","04/08/2026T02:25:00-07:00"
"https://www.eprod.io/pdf-extract-images","none","04/08/2026T02:25:00-07:00"
"https://www.eprod.io/image-to-pdf","none","04/08/2026T02:25:00-07:00"
"https://www.eprod.io/compress-pdf","none","04/08/2026T02:25:00-07:00"
"https://www.eprod.io/image-convert","none","04/08/2026T02:25:00-07:00"
"https://www.eprod.io/compress-image","none","04/08/2026T02:25:00-07:00"
"https://www.eprod.io/qr-generate","none","04/08/2026T02:25:00-07:00"
"https://www.eprod.io/zip-create","none","04/08/2026T02:25:00-07:00"
"https://www.eprod.io/xlsx-to-json","none","04/08/2026T02:25:00-07:00"
"https://www.eprod.io/data-profiler","none","04/08/2026T02:25:00-07:00"
"https://www.eprod.io/bulk-zip-builder","none","04/08/2026T02:25:00-07:00"
"https://www.eprod.io/markdown-report-bundle","none","04/08/2026T02:25:00-07:00"
"https://www.eprod.io/xlsx-sheet-explorer","none","04/08/2026T02:25:00-07:00"
"https://www.eprod.io/xlsx-chart-json","none","04/08/2026T02:25:00-07:00"
"https://www.eprod.io/zip-notes-packager","none","04/08/2026T02:25:00-07:00"
"https://www.eprod.io/hourly-to-salary","none","04/08/2026T02:25:00-07:00"
"https://www.eprod.io/salary-to-hourly","none","04/08/2026T02:25:00-07:00"
"https://www.eprod.io/discount-reverse-calculator","none","04/08/2026T02:25:00-07:00"
"https://www.eprod.io/tax-calculator-simple","none","04/08/2026T02:25:00-07:00"
"https://www.eprod.io/profit-margin-calculator","none","04/08/2026T02:25:00-07:00"
"https://www.eprod.io/meeting-cost-calculator","none","04/08/2026T02:25:00-07:00"
"https://www.eprod.io/priority-score-calculator","none","04/08/2026T02:25:00-07:00"
"https://www.eprod.io/rice-score-calculator","none","04/08/2026T02:25:00-07:00"
"https://www.eprod.io/ice-score-calculator","none","04/08/2026T02:25:00-07:00"
"https://www.eprod.io/meeting-minutes-formatter","none","04/08/2026T02:25:00-07:00"
"https://www.eprod.io/sop-version-diff","none","04/08/2026T02:25:00-07:00"
"https://www.eprod.io/policy-rewrite-assistant","none","04/08/2026T02:25:00-07:00"
"https://www.eprod.io/email-thread-summarizer","none","04/08/2026T02:25:00-07:00"
"https://www.eprod.io/followup-email-drafter","none","04/08/2026T02:25:00-07:00"
"https://www.eprod.io/project-kickoff-brief","none","04/08/2026T02:25:00-07:00"
"https://www.eprod.io/work-hours-calculator","none","04/08/2026T02:25:00-07:00"
"https://www.eprod.io/sleep-cycle-calculator","none","04/08/2026T02:25:00-07:00"
"https://www.eprod.io/water-intake-calculator","none","04/08/2026T02:25:00-07:00"
"https://www.eprod.io/tip-split-calculator","none","04/08/2026T02:25:00-07:00"
"https://www.eprod.io/age-in-days-calculator","none","04/08/2026T02:25:00-07:00"
"https://www.eprod.io/countdown-timer-generator","none","04/08/2026T02:25:00-07:00"
"https://www.eprod.io/random-decision-maker","none","04/08/2026T02:25:00-07:00"
"https://www.eprod.io/task-prioritizer","none","04/08/2026T02:25:00-07:00"
"https://www.eprod.io/daily-planner","none","04/08/2026T02:25:00-07:00"
"https://www.eprod.io/meeting-agenda-builder","none","04/08/2026T02:25:00-07:00"
"https://www.eprod.io/checklist-builder","none","04/08/2026T02:25:00-07:00"
"https://www.eprod.io/batch-rename","none","04/08/2026T02:25:00-07:00"
"https://www.eprod.io/coin-flip","none","04/08/2026T02:25:00-07:00"
"https://www.eprod.io/dice-roller","none","04/08/2026T02:25:00-07:00"
"https://www.eprod.io/random-name-picker","none","04/08/2026T02:25:00-07:00"
"https://www.eprod.io/truth-or-dare-generator","none","04/08/2026T02:25:00-07:00"
"https://www.eprod.io/would-you-rather-generator","none","04/08/2026T02:25:00-07:00"
"https://www.eprod.io/word-counter","none","04/08/2026T02:25:00-07:00"
"https://www.eprod.io/reading-time-estimator","none","04/08/2026T02:25:00-07:00"
"https://www.eprod.io/text-case-converter","none","04/08/2026T02:25:00-07:00"
"https://www.eprod.io/remove-duplicate-lines","none","04/08/2026T02:25:00-07:00"
"https://www.eprod.io/text-diff-checker","none","04/08/2026T02:25:00-07:00"
"https://www.eprod.io/password-generator","none","04/08/2026T02:25:00-07:00"
"https://www.eprod.io/password-strength-checker","none","04/08/2026T02:25:00-07:00"
"https://www.eprod.io/youtube-title-length-checker","none","04/08/2026T02:25:00-07:00"
"https://www.eprod.io/youtube-description-length-checker","none","04/08/2026T02:25:00-07:00"
"https://www.eprod.io/hashtag-counter","none","04/08/2026T02:25:00-07:00"
"https://www.eprod.io/emoji-copy-tool","none","04/08/2026T02:25:00-07:00"
"https://www.eprod.io/caption-formatter","none","04/08/2026T02:25:00-07:00"
"https://www.eprod.io/hook-generator","none","04/08/2026T02:25:00-07:00"
"https://www.eprod.io/template-bio-generator","none","04/08/2026T02:25:00-07:00"
"https://www.eprod.io/meta-tag-preview","none","04/08/2026T02:25:00-07:00"
"https://www.eprod.io/open-graph-preview","none","04/08/2026T02:25:00-07:00"
"https://www.eprod.io/keyword-density-checker","none","04/08/2026T02:25:00-07:00"
"https://www.eprod.io/slug-generator","none","04/08/2026T02:25:00-07:00"
"https://www.eprod.io/utm-builder","none","04/08/2026T02:25:00-07:00"
"https://www.eprod.io/robots-txt-generator","none","04/08/2026T02:25:00-07:00"
"https://www.eprod.io/sitemap-validator","none","04/08/2026T02:25:00-07:00"
"https://www.eprod.io/canonical-url-checker","none","04/08/2026T02:25:00-07:00"
"https://www.eprod.io/uuid-generator","none","04/08/2026T02:25:00-07:00"
"https://www.eprod.io/timestamp-converter","none","04/08/2026T02:25:00-07:00"
"https://www.eprod.io/base64-encoder-decoder","none","04/08/2026T02:25:00-07:00"
"https://www.eprod.io/json-minify-beautify","none","04/08/2026T02:25:00-07:00"
"https://www.eprod.io/xml-formatter","none","04/08/2026T02:25:00-07:00"
"https://www.eprod.io/sql-formatter","none","04/08/2026T02:25:00-07:00"
"https://www.eprod.io/http-status-code-explainer","none","04/08/2026T02:25:00-07:00"
"https://www.eprod.io/url-encoder-decoder","none","04/08/2026T02:25:00-07:00"
"https://www.eprod.io/color-converter","none","04/08/2026T02:25:00-07:00"
"https://www.eprod.io/css-gradient-generator","none","04/08/2026T02:25:00-07:00"
"https://www.eprod.io/wifi-qr-generator","none","04/08/2026T02:25:00-07:00"
"https://www.eprod.io/vcard-qr-generator","none","04/08/2026T02:25:00-07:00"
"https://www.eprod.io/barcode-generator","none","04/08/2026T02:25:00-07:00"
"https://www.eprod.io/timezone-overlap-checker","none","04/08/2026T02:25:00-07:00"
"https://www.eprod.io/text-summarizer","none","04/08/2026T02:25:00-07:00"
"https://www.eprod.io/sentence-rewriter","none","04/08/2026T02:25:00-07:00"
"https://www.eprod.io/bullet-point-extractor","none","04/08/2026T02:25:00-07:00"
"https://www.eprod.io/headline-improver","none","04/08/2026T02:25:00-07:00"
"https://www.eprod.io/email-polisher","none","04/08/2026T02:25:00-07:00"
"https://www.eprod.io/blog-outline-generator","none","04/08/2026T02:25:00-07:00"
"https://www.eprod.io/product-description-generator","none","04/08/2026T02:25:00-07:00"
"https://www.eprod.io/meta-description-generator","none","04/08/2026T02:25:00-07:00"
"https://www.eprod.io/cold-email-generator","none","04/08/2026T02:25:00-07:00"
"https://www.eprod.io/sql-query-generator","none","04/08/2026T02:25:00-07:00"
"https://www.eprod.io/regex-generator","none","04/08/2026T02:25:00-07:00"
"https://www.eprod.io/code-explainer","none","04/08/2026T02:25:00-07:00"
"https://www.eprod.io/keyword-generator","none","04/08/2026T02:25:00-07:00"
"https://www.eprod.io/palette-generator","none","04/08/2026T02:25:00-07:00"
"https://www.eprod.io/portfolio-risk-heatmap","none","04/08/2026T02:25:00-07:00"
"https://www.eprod.io/correlation-matrix-tool","none","04/08/2026T02:25:00-07:00"
"https://www.eprod.io/beta-exposure-calculator","none","04/08/2026T02:25:00-07:00"
"https://www.eprod.io/sector-exposure-analyzer","none","04/08/2026T02:25:00-07:00"
"https://www.eprod.io/currency-exposure-analyzer","none","04/08/2026T02:25:00-07:00"
"https://www.eprod.io/concentration-risk-analyzer","none","04/08/2026T02:25:00-07:00"
"https://www.eprod.io/var-calculator","none","04/08/2026T02:25:00-07:00"
"https://www.eprod.io/expected-shortfall-calculator","none","04/08/2026T02:25:00-07:00"
"https://www.eprod.io/monte-carlo-equity-simulator","none","04/08/2026T02:25:00-07:00"
"https://www.eprod.io/equity-curve-analyzer","none","04/08/2026T02:25:00-07:00"
"https://www.eprod.io/streak-probability-calculator","none","04/08/2026T02:25:00-07:00"
"https://www.eprod.io/win-loss-streak-risk-estimator","none","04/08/2026T02:25:00-07:00"
"https://www.eprod.io/risk-of-ruin-calculator","none","04/08/2026T02:25:00-07:00"
"https://www.eprod.io/expectancy-calculator","none","04/08/2026T02:25:00-07:00"
"https://www.eprod.io/profit-factor-calculator","none","04/08/2026T02:25:00-07:00"
"https://www.eprod.io/sharpe-ratio-calculator","none","04/08/2026T02:25:00-07:00"
"https://www.eprod.io/sortino-ratio-calculator","none","04/08/2026T02:25:00-07:00"
"https://www.eprod.io/cac-calculator","none","04/08/2026T02:25:00-07:00"
"https://www.eprod.io/roas-calculator","none","04/08/2026T02:25:00-07:00"
"https://www.eprod.io/mer-calculator","none","04/08/2026T02:25:00-07:00"
"https://www.eprod.io/break-even-roas-calculator","none","04/08/2026T02:25:00-07:00"
"https://www.eprod.io/ltv-calculator","none","04/08/2026T02:25:00-07:00"
"https://www.eprod.io/ltv-cac-calculator","none","04/08/2026T02:25:00-07:00"
"https://www.eprod.io/payback-period-calculator","none","04/08/2026T02:25:00-07:00"
"https://www.eprod.io/blended-cac-calculator","none","04/08/2026T02:25:00-07:00"
"https://www.eprod.io/incrementality-lift-calculator","none","04/08/2026T02:25:00-07:00"
"https://www.eprod.io/contribution-margin-calculator","none","04/08/2026T02:25:00-07:00"
"https://www.eprod.io/budget-pacing-tracker","none","04/08/2026T02:25:00-07:00"
"https://www.eprod.io/daily-budget-allocation-optimizer","none","04/08/2026T02:25:00-07:00"
"https://www.eprod.io/channel-mix-optimizer","none","04/08/2026T02:25:00-07:00"
"https://www.eprod.io/geo-budget-split-optimizer","none","04/08/2026T02:25:00-07:00"
"https://www.eprod.io/creative-budget-split-optimizer","none","04/08/2026T02:25:00-07:00"
"https://www.eprod.io/funnel-stage-budget-planner","none","04/08/2026T02:25:00-07:00"
"https://www.eprod.io/cpc-benchmark-checker","none","04/08/2026T02:25:00-07:00"
"https://www.eprod.io/cpm-benchmark-checker","none","04/08/2026T02:25:00-07:00"
"https://www.eprod.io/ctr-benchmark-checker","none","04/08/2026T02:25:00-07:00"
"https://www.eprod.io/cvr-benchmark-checker","none","04/08/2026T02:25:00-07:00"
"https://www.eprod.io/cpa-benchmark-checker","none","04/08/2026T02:25:00-07:00"
"https://www.eprod.io/ad-frequency-health-checker","none","04/08/2026T02:25:00-07:00"
"https://www.eprod.io/reach-vs-frequency-planner","none","04/08/2026T02:25:00-07:00"
"https://www.eprod.io/impression-share-opportunity-estimator","none","04/08/2026T02:25:00-07:00"
"https://www.eprod.io/lost-is-budget-analyzer","none","04/08/2026T02:25:00-07:00"
"https://www.eprod.io/lost-is-rank-analyzer","none","04/08/2026T02:25:00-07:00"
"https://www.eprod.io/auction-insights-visualizer","none","04/08/2026T02:25:00-07:00"
"https://www.eprod.io/creative-rotation-planner","none","04/08/2026T02:25:00-07:00"
"https://www.eprod.io/winner-loser-creative-analyzer","none","04/08/2026T02:25:00-07:00"
"https://www.eprod.io/thumbstop-score-estimator","none","04/08/2026T02:25:00-07:00"
"https://www.eprod.io/video-ad-hook-tester","none","04/08/2026T02:25:00-07:00"
"https://www.eprod.io/landing-page-message-match-checker","none","04/08/2026T02:25:00-07:00"
"https://www.eprod.io/landing-page-cro-audit-tool","none","04/08/2026T02:25:00-07:00"
"https://www.eprod.io/form-drop-off-analyzer","none","04/08/2026T02:25:00-07:00"
"https://www.eprod.io/funnel-leak-detector","none","04/08/2026T02:25:00-07:00"
"https://www.eprod.io/checkout-friction-scanner","none","04/08/2026T02:25:00-07:00"
"https://www.eprod.io/ab-test-idea-generator","none","04/08/2026T02:25:00-07:00"
"https://www.eprod.io/experiment-sample-size-calculator","none","04/08/2026T02:25:00-07:00"
"https://www.eprod.io/experiment-duration-estimator","none","04/08/2026T02:25:00-07:00"
"https://www.eprod.io/statistical-significance-checker","none","04/08/2026T02:25:00-07:00"
"https://www.eprod.io/bayesian-test-analyzer","none","04/08/2026T02:25:00-07:00"
"https://www.eprod.io/holdout-test-planner","none","04/08/2026T02:25:00-07:00"
"https://www.eprod.io/geo-lift-test-planner","none","04/08/2026T02:25:00-07:00"
"https://www.eprod.io/mmm-lite-simulator","none","04/08/2026T02:25:00-07:00"
"https://www.eprod.io/attribution-model-comparator","none","04/08/2026T02:25:00-07:00"
"https://www.eprod.io/assisted-conversion-analyzer","none","04/08/2026T02:25:00-07:00"
"https://www.eprod.io/time-lag-conversion-analyzer","none","04/08/2026T02:25:00-07:00"
"https://www.eprod.io/path-to-conversion-analyzer","none","04/08/2026T02:25:00-07:00"
"https://www.eprod.io/view-through-impact-estimator","none","04/08/2026T02:25:00-07:00"
"https://www.eprod.io/utm-builder-pro","none","04/08/2026T02:25:00-07:00"
"https://www.eprod.io/utm-governance-checker","none","04/08/2026T02:25:00-07:00"
"https://www.eprod.io/url-parameter-qa-tool","none","04/08/2026T02:25:00-07:00"
"https://www.eprod.io/pixel-event-qa-checklist","none","04/08/2026T02:25:00-07:00"
"https://www.eprod.io/conversion-api-payload-validator","none","04/08/2026T02:25:00-07:00"
"https://www.eprod.io/offline-conversion-import-formatter","none","04/08/2026T02:25:00-07:00"
"https://www.eprod.io/meta-event-match-quality-helper","none","04/08/2026T02:25:00-07:00"
"https://www.eprod.io/ga4-ads-mapping-helper","none","04/08/2026T02:25:00-07:00"
"https://www.eprod.io/consent-mode-impact-estimator","none","04/08/2026T02:25:00-07:00"
"https://www.eprod.io/cookie-loss-impact-simulator","none","04/08/2026T02:25:00-07:00"
"https://www.eprod.io/lead-quality-scoring-tool","none","04/08/2026T02:25:00-07:00"
"https://www.eprod.io/crm-revenue-attribution-mapper","none","04/08/2026T02:25:00-07:00"
"https://www.eprod.io/sales-cycle-length-impact-tool","none","04/08/2026T02:25:00-07:00"
"https://www.eprod.io/bid-strategy-recommender","none","04/08/2026T02:25:00-07:00"
"https://www.eprod.io/target-cpa-feasibility-tool","none","04/08/2026T02:25:00-07:00"
"https://www.eprod.io/target-roas-feasibility-tool","none","04/08/2026T02:25:00-07:00"
"https://www.eprod.io/bid-cap-calculator","none","04/08/2026T02:25:00-07:00"
"https://www.eprod.io/cost-cap-planner","none","04/08/2026T02:25:00-07:00"
"https://www.eprod.io/manual-bid-simulator","none","04/08/2026T02:25:00-07:00"
"https://www.eprod.io/ad-rank-components-explainer","none","04/08/2026T02:25:00-07:00"
"https://www.eprod.io/quality-score-improvement-planner","none","04/08/2026T02:25:00-07:00"
"https://www.eprod.io/search-terms-cleaner","none","04/08/2026T02:25:00-07:00"
"https://www.eprod.io/negative-keyword-generator","none","04/08/2026T02:25:00-07:00"
"https://www.eprod.io/keyword-intent-classifier","none","04/08/2026T02:25:00-07:00"
"https://www.eprod.io/keyword-cluster-builder","none","04/08/2026T02:25:00-07:00"
"https://www.eprod.io/keyword-gap-analyzer","none","04/08/2026T02:25:00-07:00"
"https://www.eprod.io/long-tail-keyword-expander","none","04/08/2026T02:25:00-07:00"
"https://www.eprod.io/match-type-mapper","none","04/08/2026T02:25:00-07:00"
"https://www.eprod.io/shopping-feed-title-optimizer","none","04/08/2026T02:25:00-07:00"
"https://www.eprod.io/shopping-feed-attribute-checker","none","04/08/2026T02:25:00-07:00"
"https://www.eprod.io/merchant-feed-error-diagnoser","none","04/08/2026T02:25:00-07:00"
"https://www.eprod.io/product-group-bid-planner","none","04/08/2026T02:25:00-07:00"
"https://www.eprod.io/pmax-asset-group-builder","none","04/08/2026T02:25:00-07:00"
"https://www.eprod.io/pmax-search-theme-generator","none","04/08/2026T02:25:00-07:00"
"https://www.eprod.io/creative-brief-generator","none","04/08/2026T02:25:00-07:00"
"https://www.eprod.io/hook-generator-for-ads","none","04/08/2026T02:25:00-07:00"
"https://www.eprod.io/ugc-script-generator","none","04/08/2026T02:25:00-07:00"
"https://www.eprod.io/ad-angle-generator","none","04/08/2026T02:25:00-07:00"
"https://www.eprod.io/offer-positioning-generator","none","04/08/2026T02:25:00-07:00"
"https://www.eprod.io/headline-generator-rsa","none","04/08/2026T02:25:00-07:00"
"https://www.eprod.io/description-generator-rsa","none","04/08/2026T02:25:00-07:00"
"https://www.eprod.io/primary-text-generator-meta","none","04/08/2026T02:25:00-07:00"
"https://www.eprod.io/cta-variant-generator","none","04/08/2026T02:25:00-07:00"
"https://www.eprod.io/ad-fatigue-detector","none","04/08/2026T02:25:00-07:00"
"https://www.eprod.io/trading-tools","none","04/08/2026T02:25:00-07:00"
"https://www.eprod.io/order-block-detector","none","04/08/2026T02:25:00-07:00"
"https://www.eprod.io/liquidity-sweep-detector","none","04/08/2026T02:25:00-07:00"
"https://www.eprod.io/candlestick-pattern-scanner","none","04/08/2026T02:25:00-07:00"
"https://www.eprod.io/multi-timeframe-confluence-checker","none","04/08/2026T02:25:00-07:00"
"https://www.eprod.io/correlated-asset-confirmation-tool","none","04/08/2026T02:25:00-07:00"
"https://www.eprod.io/news-event-volatility-filter","none","04/08/2026T02:25:00-07:00"
"https://www.eprod.io/economic-calendar-impact-planner","none","04/08/2026T02:25:00-07:00"
"https://www.eprod.io/earnings-move-estimator","none","04/08/2026T02:25:00-07:00"
"https://www.eprod.io/gap-probability-estimator","none","04/08/2026T02:25:00-07:00"
"https://www.eprod.io/pre-market-plan-builder","none","04/08/2026T02:25:00-07:00"
"https://www.eprod.io/post-market-review-assistant","none","04/08/2026T02:25:00-07:00"
"https://www.eprod.io/trade-checklist-builder","none","04/08/2026T02:25:00-07:00"
"https://www.eprod.io/trading-plan-generator","none","04/08/2026T02:25:00-07:00"
"https://www.eprod.io/prop-firm-rule-compliance-checker","none","04/08/2026T02:25:00-07:00"
"https://www.eprod.io/daily-loss-limit-alert-tool","none","04/08/2026T02:25:00-07:00"
"https://www.eprod.io/weekly-loss-limit-guardrail","none","04/08/2026T02:25:00-07:00"
"https://www.eprod.io/max-open-risk-checker","none","04/08/2026T02:25:00-07:00"
"https://www.eprod.io/position-netting-calculator","none","04/08/2026T02:25:00-07:00"
"https://www.eprod.io/hedge-ratio-calculator","none","04/08/2026T02:25:00-07:00"
"https://www.eprod.io/pairs-trade-spread-analyzer","none","04/08/2026T02:25:00-07:00"
"https://www.eprod.io/cointegration-checker","none","04/08/2026T02:25:00-07:00"
"https://www.eprod.io/futures-basis-monitor","none","04/08/2026T02:25:00-07:00"
"https://www.eprod.io/funding-rate-monitor","none","04/08/2026T02:25:00-07:00"
"https://www.eprod.io/open-interest-trend-analyzer","none","04/08/2026T02:25:00-07:00"
"https://www.eprod.io/cot-data-visualizer","none","04/08/2026T02:25:00-07:00"
"https://www.eprod.io/seasonality-analyzer","none","04/08/2026T02:25:00-07:00"
"https://www.eprod.io/volume-profile-lite","none","04/08/2026T02:25:00-07:00"
"https://www.eprod.io/delta-imbalance-visualizer","none","04/08/2026T02:25:00-07:00"
"https://www.eprod.io/tape-speed-alert-tool","none","04/08/2026T02:25:00-07:00"
"https://www.eprod.io/smart-alert-builder-price-indicator","none","04/08/2026T02:25:00-07:00"
"https://www.eprod.io/journal-to-insight-ai-assistant","none","04/08/2026T02:25:00-07:00"
"https://www.eprod.io/psychology-trigger-tracker","none","04/08/2026T02:25:00-07:00"
"https://www.eprod.io/discipline-scorecard","none","04/08/2026T02:25:00-07:00"
"https://www.eprod.io/trader-kpi-dashboard","none","04/08/2026T02:25:00-07:00"
"https://www.eprod.io/calmar-ratio-calculator","none","04/08/2026T02:25:00-07:00"
"https://www.eprod.io/trade-journal-manual","none","04/08/2026T02:25:00-07:00"
"https://www.eprod.io/auto-trade-journal-csv","none","04/08/2026T02:25:00-07:00"
"https://www.eprod.io/screenshot-note-trade-journal","none","04/08/2026T02:25:00-07:00"
"https://www.eprod.io/setup-tag-performance-analyzer","none","04/08/2026T02:25:00-07:00"
"https://www.eprod.io/session-performance-analyzer","none","04/08/2026T02:25:00-07:00"
"https://www.eprod.io/day-of-week-performance-analyzer","none","04/08/2026T02:25:00-07:00"
"https://www.eprod.io/time-of-day-edge-analyzer","none","04/08/2026T02:25:00-07:00"
"https://www.eprod.io/long-vs-short-performance-analyzer","none","04/08/2026T02:25:00-07:00"
"https://www.eprod.io/ab-strategy-comparator","none","04/08/2026T02:25:00-07:00"
"https://www.eprod.io/strategy-backtest-lite","none","04/08/2026T02:25:00-07:00"
"https://www.eprod.io/walk-forward-backtest-tool","none","04/08/2026T02:25:00-07:00"
"https://www.eprod.io/parameter-sensitivity-tester","none","04/08/2026T02:25:00-07:00"
"https://www.eprod.io/regime-filter-tester","none","04/08/2026T02:25:00-07:00"
"https://www.eprod.io/volatility-regime-detector","none","04/08/2026T02:25:00-07:00"
"https://www.eprod.io/trend-strength-detector","none","04/08/2026T02:25:00-07:00"
"https://www.eprod.io/mean-reversion-detector","none","04/08/2026T02:25:00-07:00"
"https://www.eprod.io/breakout-probability-tool","none","04/08/2026T02:25:00-07:00"
"https://www.eprod.io/range-compression-detector","none","04/08/2026T02:25:00-07:00"
"https://www.eprod.io/support-resistance-mapper","none","04/08/2026T02:25:00-07:00"
"https://www.eprod.io/pivot-levels-calculator","none","04/08/2026T02:25:00-07:00"
"https://www.eprod.io/vwap-bands-calculator","none","04/08/2026T02:25:00-07:00"
"https://www.eprod.io/fibonacci-confluence-tool","none","04/08/2026T02:25:00-07:00"
"https://www.eprod.io/market-structure-identifier","none","04/08/2026T02:25:00-07:00"
"https://www.eprod.io/swing-high-low-detector","none","04/08/2026T02:25:00-07:00"
"https://www.eprod.io/supply-demand-zone-marker","none","04/08/2026T02:25:00-07:00"
"https://www.eprod.io/fair-value-gap-detector","none","04/08/2026T02:25:00-07:00"
"https://www.eprod.io","none","04/19/2026T17:34:50+00:00"
"https://www.eprod.io/gitignore-suggester","none","04/19/2026T17:34:50+00:00"
"https://www.eprod.io/conventional-commit-helper","none","04/19/2026T17:34:50+00:00"
"https://www.eprod.io/changelog-from-commits","none","04/19/2026T17:34:50+00:00"
"https://www.eprod.io/release-notes-polisher","none","04/19/2026T17:34:50+00:00"
"https://www.eprod.io/semver-bump-suggester","none","04/19/2026T17:34:50+00:00"
"https://www.eprod.io/code-comment-expander","none","04/19/2026T17:34:50+00:00"
"https://www.eprod.io/variable-renamer","none","04/19/2026T17:34:50+00:00"
"https://www.eprod.io/regex-plain-english","none","04/19/2026T17:34:50+00:00"
"https://www.eprod.io/log-line-parser","none","04/19/2026T17:34:50+00:00"
"https://www.eprod.io/stack-trace-normalizer","none","04/19/2026T17:34:50+00:00"
"https://www.eprod.io/curl-to-fetch","none","04/19/2026T17:34:50+00:00"
"https://www.eprod.io/http-request-builder","none","04/19/2026T17:34:50+00:00"
"https://www.eprod.io/webhook-tester","none","04/19/2026T17:34:50+00:00"
"https://www.eprod.io/hmac-playground","none","04/19/2026T17:34:50+00:00"
"https://www.eprod.io/totp-generator","none","04/19/2026T17:34:50+00:00"
"https://www.eprod.io/secret-encoder","none","04/19/2026T17:34:50+00:00"
"https://www.eprod.io/pem-prettifier","none","04/19/2026T17:34:50+00:00"
"https://www.eprod.io/freelance-rate-converter","none","04/19/2026T17:34:50+00:00"
"https://www.eprod.io/utilization-calculator","none","04/19/2026T17:34:50+00:00"
"https://www.eprod.io/burn-rate-runway","none","04/19/2026T17:34:50+00:00"
"https://www.eprod.io/meeting-free-day-planner","none","04/19/2026T17:34:50+00:00"
"https://www.eprod.io/deep-work-quota-tracker","none","04/19/2026T17:34:50+00:00"
"https://www.eprod.io/email-followup-snooze","none","04/19/2026T17:34:50+00:00"
"https://www.eprod.io/cold-email-opener-library","none","04/19/2026T17:34:50+00:00"
"https://www.eprod.io/subject-line-ab-lab","none","04/19/2026T17:34:50+00:00"
"https://www.eprod.io/inclusive-language-linter","none","04/19/2026T17:34:50+00:00"
"https://www.eprod.io/plain-language-rewriter","none","04/19/2026T17:34:50+00:00"
"https://www.eprod.io/reading-level-estimator","none","04/19/2026T17:34:50+00:00"
"https://www.eprod.io/keyword-blog-outline","none","04/19/2026T17:34:50+00:00"
"https://www.eprod.io/social-thread-splitter","none","04/19/2026T17:34:50+00:00"
"https://www.eprod.io/social-character-counter","none","04/19/2026T17:34:50+00:00"
"https://www.eprod.io/poll-option-balancer","none","04/19/2026T17:34:50+00:00"
"https://www.eprod.io/team-shuffler","none","04/19/2026T17:34:50+00:00"
"https://www.eprod.io/name-tag-print","none","04/19/2026T17:34:50+00:00"
"https://www.eprod.io/personal-dashboard","none","04/19/2026T17:34:50+00:00"
"https://www.eprod.io/pomodoro-timer","none","04/19/2026T17:34:50+00:00"
"https://www.eprod.io/deep-work-stopwatch","none","04/19/2026T17:34:50+00:00"
"https://www.eprod.io/daily-time-block-planner","none","04/19/2026T17:34:50+00:00"
"https://www.eprod.io/weekly-calendar-notes","none","04/19/2026T17:34:50+00:00"
"https://www.eprod.io/eisenhower-matrix","none","04/19/2026T17:34:50+00:00"
"https://www.eprod.io/para-inbox","none","04/19/2026T17:34:50+00:00"
"https://www.eprod.io/personal-kanban","none","04/19/2026T17:34:50+00:00"
"https://www.eprod.io/habit-chain-calendar","none","04/19/2026T17:34:50+00:00"
"https://www.eprod.io/one-big-thing","none","04/19/2026T17:34:50+00:00"
"https://www.eprod.io/energy-journal","none","04/19/2026T17:34:50+00:00"
"https://www.eprod.io/meeting-cost-timer","none","04/19/2026T17:34:50+00:00"
"https://www.eprod.io/standup-formatter","none","04/19/2026T17:34:50+00:00"
"https://www.eprod.io/retrospective-board","none","04/19/2026T17:34:50+00:00"
"https://www.eprod.io/decision-log","none","04/19/2026T17:34:50+00:00"
"https://www.eprod.io/pros-cons-matrix","none","04/19/2026T17:34:50+00:00"
"https://www.eprod.io/runbook-checklist-runner","none","04/19/2026T17:34:50+00:00"
"https://www.eprod.io/on-call-handoff","none","04/19/2026T17:34:50+00:00"
"https://www.eprod.io/adr-writer","none","04/19/2026T17:34:50+00:00"
"https://www.eprod.io/api-design-sketch","none","04/19/2026T17:34:50+00:00"
"https://www.eprod.io/openapi-outline","none","04/19/2026T17:34:50+00:00"
"https://www.eprod.io/json-schema-form-mockup","none","04/19/2026T17:34:50+00:00"
"https://www.eprod.io/graphql-prettifier","none","04/19/2026T17:34:50+00:00"
"https://www.eprod.io/sql-explain-formatter","none","04/19/2026T17:34:50+00:00"
"https://www.eprod.io/query-cost-estimator","none","04/19/2026T17:34:50+00:00"
"https://www.eprod.io/database-naming-linter","none","04/19/2026T17:34:50+00:00"
"https://www.eprod.io/env-var-diff","none","04/19/2026T17:34:50+00:00"
"https://www.eprod.io/cidr-calculator","none","04/19/2026T17:34:50+00:00"
"https://www.eprod.io/ip-integer-converter","none","04/19/2026T17:34:50+00:00"
"https://www.eprod.io/common-ports-reference","none","04/19/2026T17:34:50+00:00"
"https://www.eprod.io/user-agent-parser","none","04/19/2026T17:34:50+00:00"
"https://www.eprod.io/locale-bcp47-helper","none","04/19/2026T17:34:50+00:00"
"https://www.eprod.io/timezone-now-grid","none","04/19/2026T17:34:50+00:00"
"https://www.eprod.io/meeting-overlap-finder","none","04/19/2026T17:34:50+00:00"
"https://www.eprod.io/working-days-countdown","none","04/19/2026T17:34:50+00:00"
"https://www.eprod.io/fiscal-week-calculator","none","04/19/2026T17:34:50+00:00"
"https://www.eprod.io/invoice-line-builder","none","04/19/2026T17:34:50+00:00"
"https://www.eprod.io/raci-chart-builder","none","04/19/2026T17:34:50+00:00"
"https://www.eprod.io/okr-tree-writer","none","04/19/2026T17:34:50+00:00"
"https://www.eprod.io/smart-goal-checker","none","04/19/2026T17:34:50+00:00"
"https://www.eprod.io/backlog-prioritizer","none","04/19/2026T17:34:50+00:00"
"https://www.eprod.io/roadmap-quarter-planner","none","04/19/2026T17:34:50+00:00"
"https://www.eprod.io/user-story-splitter","none","04/19/2026T17:34:50+00:00"
"https://www.eprod.io/acceptance-criteria-generator","none","04/19/2026T17:34:50+00:00"
"https://www.eprod.io/bug-report-templater","none","04/19/2026T17:34:50+00:00"
"https://www.eprod.io/incident-timeline-builder","none","04/19/2026T17:34:50+00:00"
"https://www.eprod.io/linkedin-headline-combiner","none","04/19/2026T17:34:50+00:00"
"https://www.eprod.io/resume-skills-gap","none","04/19/2026T17:34:50+00:00"
"https://www.eprod.io/job-application-tracker","none","04/19/2026T17:34:50+00:00"
"https://www.eprod.io/interview-question-bank","none","04/19/2026T17:34:50+00:00"
"https://www.eprod.io/flashcard-maker","none","04/19/2026T17:34:50+00:00"
"https://www.eprod.io/spaced-repetition-scheduler","none","04/19/2026T17:34:50+00:00"
"https://www.eprod.io/cornell-notes-template","none","04/19/2026T17:34:50+00:00"
"https://www.eprod.io/outline-flashcards","none","04/19/2026T17:34:50+00:00"
"https://www.eprod.io/citation-formatter","none","04/19/2026T17:34:50+00:00"
"https://www.eprod.io/bibliography-deduper","none","04/19/2026T17:34:50+00:00"
"https://www.eprod.io/reading-speed-test","none","04/19/2026T17:34:50+00:00"
"https://www.eprod.io/syllabus-week-generator","none","04/19/2026T17:34:50+00:00"
"https://www.eprod.io/grade-needed-calculator","none","04/19/2026T17:34:50+00:00"
"https://www.eprod.io/study-topic-picker","none","04/19/2026T17:34:50+00:00"
"https://www.eprod.io/vocabulary-quiz","none","04/19/2026T17:34:50+00:00"
"https://www.eprod.io/mind-map-outliner","none","04/19/2026T17:34:50+00:00"
"https://www.eprod.io/meeting-agenda-timer","none","04/19/2026T17:34:50+00:00"
"https://www.eprod.io/meeting-parking-lot","none","04/19/2026T17:34:50+00:00"
"https://www.eprod.io/action-items-extractor","none","04/19/2026T17:34:50+00:00"
"https://www.eprod.io/tone-checker","none","04/19/2026T17:34:50+00:00"
